"Legalcase ID","First Name","Middle Name","Last Name",Company,"Job Title","Home Street","Home Street 2","Home City","Home State","Home Postal Code","Home Country/Region","Home Fax","Work Phone","Home Phone","Mobile Phone","Contact Group","E-mail Address","Web Page","Outstanding Trust Balance","Login Enabled",Archived,Birthday,"Private Notes","License Number","License State","Welcome Message",:Notes,Cases,"Case Link IDs","Created Date"
11172,Client1,m,test,,," ",,,,,,,,,,Unassigned,testing.testuser6+112@gmail.com,,0,FALSE,FALSE,,,,,,,sdf,607D4AE48AA7D,09/30/2020,
11187,"Contact 6M",N,NAM,finally1,," ",,,,,,,,,,"Contact Group",kashyap.dave+123@plutustec.com,,0,FALSE,FALSE,,,,,,,Hello,60081C2E97B5E,10/06/2020,
11197,TEST,test,test,"My Company List","Securely share documents"," invoices"," and messages with your client. They will receive a welcome email with login instructions. Your client will only have access to items that you explicitly share.  Securely share documents"," invoices"," and messages with you","Securely share documents"," invoices"," and messages with your client. They will receive a welcome email with login instructions. Your client will only have access to items that you explicitly share.  Securely share documents"," invoices"," and messages with you ","Securely share documents"," invoices"," and messages with your client. They will receive a welcome email with login instructions. Your client will only have access to items that you explicitly share.  Securely share documents"," invoices"," and messages with you","Securely share documents"," invoices"," and messages with your client. They will receive a welcome email with login instructions. Your client will only have access to items that you explicitly share.  Securely share documents"," invoices"," and messages with you","Securely share documents"," invoices"," and messages with your client. They will receive a welcome email with login instructions. Your client will only have access to items that you explicitly share.  Securely share documents"," invoices"," and messages with you","Securely share documents"," invoices"," and messages with your client. They will receive a welcome email with login instructions. Your client will only have access to items that you explicitly share.  Securely share documents"," invoices"," and messages with you",Austria,131313,12331232,231232,213123,Unassigned,teast@mail.com,"Securely share documents"," invoices"," and messages with your client. They will receive a welcome email with login instructions. Your client will only have access to items that you explicitly share.  Securely share documents"," invoices"," and messages with your client. They will receive a welcome email with login instructions. Your client will only have access to items that you explicitly share.  Securely share documents"," invoices"," and messages with your client. They will receive a welcome email with login instr",0,FALSE,FALSE,,"Securely share documents Securely share documents"," invoices"," and messages with your client. They will receive a welcome email with login instructions. Your client will only have access to items that you explicitly share.  Securely share documents"," invoices"," and messages with your client. They will receive a welcome email with login instructions. Your client will only have access to items that you explicitly share.  Securely share documents"," invoices"," and messages with your client. They will receive a welco","Securely share documents"," invoices"," and messages with your client. They will receive a welcome email with login instructions. Your client will only have access to items that you explicitly share.  Securely share documents"," invoices"," and messages with you","Securely share documents"," invoices"," and messages with your client. They will receive a welcome email with login instructions. Your client will only have access to items that you explicitly share.  Securely share documents"," invoices"," and messages with you",,,,,10/14/2020,
11224,Contact2,mn,name,,," ",,,,,,,,123123123,,Unassigned,contacr42@mail.com,,0,TRUE,FALSE,,,,,,,,,01/06/2021,
11225,Contact2,mn,name,"My Company List",," ",,,,,,,,123123123,,Unassigned,contacr42@mail.coma,,0,TRUE,FALSE,,,,,,,,,01/06/2021,
11226,Contact2,mn,name,,," ",,,,,,,,123123123,,Unassigned,contacr42@mail.com23,,0,TRUE,FALSE,,,,,,,,,01/06/2021,
11227,Contact2,mn,name,,," ",,,,,,,,123123123,,Unassigned,contacr42@mail.com24,,0,TRUE,FALSE,,,,,,,,,01/06/2021,
11233,today,,Test1,"My Company List",," ",,,,,,,,,,Unassigned,test@gmail.com,,0,FALSE,FALSE,,,,,,,Febtest,602623CC82C46,01/20/2021,
11235,yesterday,,Test1,,," ",,,,,,,,,,Unassigned,test@yahoo.in,,0,FALSE,FALSE,,,,,,,yesterday,6007FB9DBF8FD,01/20/2021,
11238,today,,Test1,,," ",,,,,,,,,,Unassigned,test8@yahoo.in,,0,FALSE,FALSE,,,,,,,,,01/20/2021,
11239,now,,mm,,," ",,,,,,,,,,Unassigned,now@gmail.com,,0,FALSE,FALSE,,,,,,,,,01/21/2021,
11242,"child user",,ch,,," ",,,,,,,,,,Unassigned,child1@gmail.com,,0,FALSE,FALSE,,,,,,,Hello,60081C2E97B5E,01/21/2021,
11252,febtest,,tests,,," ",,,,,,,,,,Unassigned,febst@gmail.com,,0,FALSE,FALSE,,,,,,,now,602CEC8093F9F,02/12/2021,
11253,febtest,,tests,,," ",,,,,,,,,,Unassigned,febst@gmail.in,,0,TRUE,FALSE,,,,,,,,,02/12/2021,
11257,new,,test,,," ",,,,,Bahamas,,,,,Unassigned,new@gmail.com,ass,0,TRUE,FALSE,,,,,,,,,02/12/2021,
11258,new,,tests,,," ",,,,,,,,,,Unassigned,new4@gmail.com,,0,TRUE,FALSE,,,,,,,,,02/12/2021,
11259,new,,tests,,," ",,,,,,,,,,Unassigned,newres4@gmail.com,,0,TRUE,FALSE,,,,,,,,,02/12/2021,
11260,new,,tests,,," ",,,,,,,,,,Unassigned,rest@gmail.com,,0,TRUE,FALSE,,,,,,,,,02/12/2021,
11261,new,,tests,,," ",,,,,,,,,,Unassigned,rest@gmail.in,,0,TRUE,FALSE,,,,,,,,,02/12/2021,
11262,new,,tests,,," ",,,,,,,,,,Unassigned,truue@gmail.in,,0,TRUE,FALSE,,,,,,,now,602CEC8093F9F,02/12/2021,
11263,kd,,hes,,," ",,,,,,,,,,Unassigned,kd@gmaail.com,,0,FALSE,FALSE,,,,,,,,,02/12/2021,
11267,deploy,,test,,," ",,,,,,,,,,Unassigned,ddss@gmail.com,,0,FALSE,FALSE,,,,,,,"Cmonay Case#1",5F7C08C835FA2,02/24/2021,
11269,test,,test,,," ",,,,,,,,,,Unassigned,test99@gmail.com,,0,FALSE,FALSE,,,,,,,,,02/25/2021,
11270,test,,test,,," ",,,,,,,,,,Unassigned,check@gmail.com,,0,FALSE,FALSE,,,,,,,,,02/25/2021,
11271,test,,test,,," ",,,,,,,,12345678,,Unassigned,kashyap.dave+8@plutustec.com,,0,FALSE,FALSE,,,,,,,,,02/25/2021,
11272,Afterdeployed,,test,,," ",,,,,,,,,,Unassigned,testing.testuser6+222@gmail.com,,0,FALSE,FALSE,,,,,,,,,02/25/2021,
11284,Cleitn,without,email,,," ",,,,,,,,,,Unassigned,testing.testuser6+2@gmail.com2,,0,TRUE,FALSE,,,,,,,,,03/09/2021,
11285,without,m,mail,,," ",,,,,,,,,,Unassigned,,,0,FALSE,FALSE,,,,,,,,,03/09/2021,
11286,without,m,mail,,," ",,,,,,,,,,Unassigned,,,0,FALSE,FALSE,,,,,,,,,03/09/2021,
11287,without,m,mail,,," ",,,,,,,,,,Unassigned,,,0,FALSE,FALSE,,,,,,,,,03/09/2021,
11288,wi,ma,email,,," ",,,,,,,,,,Unassigned,,,0,FALSE,FALSE,,,,,,,,,03/09/2021,
11289,clientWM,m,name,,," ",,,,,,,,,,Unassigned,,,0,FALSE,FALSE,,,,,,,,,03/09/2021,
11290,Clientem2,m,nn,,," ",,,,,,,,,,Unassigned,,,0,FALSE,FALSE,,,,,,,,,03/09/2021,
11291,Clientem2,m,nn,,," ",,,,,,,,,,Unassigned,,,0,FALSE,FALSE,,,,,,,,,03/09/2021,
11237,yesterday,,Test1,,," ",,,,,,,,,,Unassigned,test6@gmail.in,,0,FALSE,FALSE,,bgsfdgdfgdsfbgsfdgdfgdsfbgsfdgdfgdsfbgsfdgdfgdsfbgsfdgdfgdsfbgsfdgdfgdsfbgsfdgdfgdsfbgsfdgdfgdsfbgsfdgdfgdsfbgsfdgdfgdsfbgsfdgdfgdsfbgsfdgdfgdsfbgsfdgdfgdsfbgsfdgdfgdsfbgsfdgdfgdsfbgsfdgdfgdsfbgsfdgdfgdsfbgsfdgdfgdsfbgsfdgdfgdsfbgsfdgdfgdsfbgsfdgdfgdsfbgsfdgdfgdsfbgsfdgdfgdsfbgsfdgdfgdsfbgsfdgdfgdsfbgsfdgdfgdsfbgsfdgdfgdsfbgsfdgdfgdsfbgsfdgdfgdsfbgsfdgdfgdsfbgsfdgdfgdsfbgsfdgdfgdsfbgsfdgdfgdsfbgsfdgdfgdsfbgsfdgdfgdsfbgsfdgdfgdsf,,,,,CASE000011,60461C6377FBE,09/22/2020,
11236,yesterday,,Test1,,," ",,,,,,,,,,Unassigned,test@gmail.in,,0,FALSE,FALSE,,,,,,,testCaseff0091,60461BF5717DB,03/18/2021,
11234,yesterday,,Test1,,," ",,,,,,,,,,Unassigned,test@yahoo.com,,0,FALSE,FALSE,,,,,,,,,03/18/2021,
11254,friday,,Test,,," ",,,,,,,,,,Unassigned,friday@gmail.com,,0,FALSE,FALSE,,,,,,,,,03/18/2021,
11255,friday,,test,,," ",,,,,,,,,,Unassigned,test9@gmail.com,,0,FALSE,FALSE,,,,,,,,,03/18/2021,
11301,Todaycontact,,test,,," ",,,,,,,,,,Unassigned,testing.testuser6+21@gmail.com,,0,TRUE,FALSE,,,,,,,,,03/19/2021,
11320,Kishan,M,Rathod,,," ",,,,,,,,,,,kishan.rathod@plutustec.com,,0,TRUE,FALSE,,,,,,,sdf,607D4AE48AA7D,04/01/2021,
11344,rk,m,abc,,," ",,,,,,,,,90909090,,rk@gmail.com,,0,TRUE,FALSE,,,,,,,Ok,6087C7CD1496B,04/27/2021,
11345,12312312312,123,123123,,," ",,,,,,,,,,,1231231@sa.da,,0,TRUE,FALSE,,,,,,,,,04/30/2021,
11346,ASD,ASD,ASDA,,," ",,,,,,,,,,"Contact Group",testing.testuser6+88@gmail.com,,0,TRUE,FALSE,,,,,,,,,04/30/2021,
11347,sdasd,asd,asd,,," ",,,,,,,,,,,testing.testuser6+13@gmail.com,,0,TRUE,FALSE,,,,,,,,,04/30/2021,
11348,test,2,22,,," ",,,,,,,,,,,testing.testuser6+31@gmail.com,,0,TRUE,FALSE,,,,,,,,,04/30/2021,
11349,xxx,hhh,hhh,,," ",,,,,,,,,,"Contact Group",testing.testuser6+123@gmail.com,,0,TRUE,FALSE,,,,,,,,,04/30/2021,
